{"bc_name":"ED17a Extrap Core",
"ds":"tcdb55c2d_AL3trimmed3.txt",
"bc":{
        "SI":67.3000,
        "AL":10.2900,
        "FE":4.7200,
        "MG":2.4700,
        "MN":0.1000,
        "CA":0.4400,
        "NA":0.9600,
        "K":2.5900,
        "TI":0.7900,
        "H":100,
        "O":"?"
},
"x_def":[
        "TC",
        450,650
],
"y_def":[
        "P",
        4000,8500
],
"calc_type":{
        "Alm":["GARNET","alm",
        1,0.763,0.783,0.01
        ],
        "Prp":["GARNET","py",
        1,0.102,0.122,0.01
        ],
        "Sps":["GARNET","spss",
        1,0.001,0.021,0.01
        ],
        "Grs":["GARNET","gr",
        1,0.094, 0.115,0.01
        ],
        "MgNum":["GARNET","Mg#",
        1,0.116,0.136, 0.01
        ],
        "MgNum_Bt":["TBi","Mg#",
        1,0.473,0.493,0.01
        ],
        "MgNum_Chl":["CHLR","Mg#",
        1,0.488, 0.508,0.01
        ],
        "anc1":["FSP","anc1",
        1,0.016,0.036,0.01
        ],
        "VolBt":["TBi","vol%",
        0.0,15.0,1.0
        ],
        "VolChl":["CHLR","vol%",
        0.0,10.0,1.0
        ],
        "VolFsp":["FSP","vol%",
        0.0,5.0,1.0
        ],
        "VolGrt":["GARNET","vol%",
        0.0,5.0,0.5
        ],
        "VolMs":["PHNG","vol%",
        0.0,20.0,1.0
        ],
        "VolQz":["quartz","vol%",
        50.0,70.0,1.0
        ],
        "Rxns":["."
        ]
},
"label_type":1,
"calc_params":"    1.0000    300    0.010000   0.1000000E-08   0.1000000E-08   0.1000000E+01 0.1000000E-03     25      25     500",
"const_PT":[
        0.0000000E+00,0.0000000E+00
],
"pix_folder":"_pix\\"
}